[{"model": "goods.categories", "pk": 6, "fields": {"name": "Всі товари", "slug": "all"}}, {"model": "goods.categories", "pk": 7, "fields": {"name": "Овочі", "slug": "ovochi"}}, {"model": "goods.categories", "pk": 8, "fields": {"name": "Фрукти", "slug": "frukty"}}, {"model": "goods.categories", "pk": 9, "fields": {"name": "М'ясо", "slug": "mjaso"}}, {"model": "goods.categories", "pk": 10, "fields": {"name": "Риба", "slug": "ryba"}}, {"model": "goods.categories", "pk": 11, "fields": {"name": "Молочні продукти", "slug": "molochni-produkty"}}, {"model": "goods.categories", "pk": 12, "fields": {"name": "Продукти гігієни", "slug": "produkty-hihijeny"}}]