[
    {
        "model": "goods.products",
        "pk": 1,
      "fields": {
        "name": "Стейк яловичий",
        "slug": "stejk-yalovychyj",
        "description": "Ще вчора він бігав",
        "image": "goods_images/steak.jpg",
        "price": "150.00",
        "discount": "10.00",
        "quantity": 10,
        "category": 7
      }
    },
    {
        "model": "goods.products",
        "pk": 2,
        "fields": {
            "name": "Молоко",
            "slug": "moloko",
            "description": "Просто молоко",
            "image": "goods_images/milk.jpg",
            "price": "93.00",
            "discount": "2.50",
            "quantity": 7,
            "category": 7
        }
    },
    {
        "model": "goods.products",
        "pk": 3,
        "fields": {
            "name": "Каштан",
            "slug": "kashtan",
            "description": "А чому ні",
            "image": "goods_images/chestnuts.jpg",
            "price": "670.00",
            "discount": "0.00",
            "quantity": 5,
            "category": 8
        }
    },
    {
        "model": "goods.products",
        "pk": 4,
        "fields": {
            "name": "Лосось",
            "slug": "losos",
            "description": "Ще вчора він плавав",
            "image": "goods_images/salmon.jpg",
            "price": "365.00",
            "discount": "0.00",
            "quantity": 11,
            "category": 7
        }
    },
    {
        "model": "goods.products",
        "pk": 5,
        "fields": {
            "name": "Блакитний тунець",
            "slug": "blakytnyj-tunets",
            "description": "Від нього плавати будете ви",
            "image": "goods_images/bluetuna.jpg",
            "price": "430.00",
            "discount": "5.00",
            "quantity": 8,
            "category": 7
        }
    },
    {
        "model": "goods.products",
        "pk": 6,
        "fields": {
            "name": "Банан",
            "slug": "banan",
            "description": "Екзотика",
            "image": "goods_images/banana.jpg",
            "price": "610.00",
            "discount": "2.00",
            "quantity": 8,
            "category": 9
        }
    },
    {
        "model": "goods.products",
        "pk": 7,
        "fields": {
            "name": "Картопля",
            "slug": "kartoplja",
            "description": "Їсти можна",
            "image": "goods_images/potato.jpg",
            "price": "55.00",
            "discount": "0.00",
            "quantity": 6,
            "category": 8
        }
    },
    {
        "model": "goods.products",
        "pk": 8,
      "fields": {
        "name": "Редис",
        "slug": "redys",
        "description": "Для занадто добрих людей",
        "image": "goods_images/radish.jpg",
        "price": "190.00",
        "discount": "5.00",
        "quantity": 5,
        "category": 9
      }
    },
    {
        "model": "goods.products",
        "pk": 9,
        "fields": {
            "name": "Кефір",
            "slug": "kefir",
            "description": "Просто кефір",
            "image": "goods_images/kefir.jpg",
            "price": "30.00",
            "discount": "0.50",
            "quantity": 35,
            "category": 10
        }
    },
    {
        "model": "goods.products",
        "pk": 10,
      "fields": {
        "name": "Зубна ещітка",
        "slug": "zubna-eshchitka",
        "description": "Зубна електрощітка найвищої якості",
        "image": "goods_images/etoothbrush.jpg",
        "price": "10.00",
        "discount": "0.00",
        "quantity": 17,
        "category": 12
      }
    },
    {
        "model": "goods.products",
        "pk": 11,
      "fields": {
        "name": "Зубна щітка",
        "slug": "zubna-shchitka",
        "description": "Зубна щітка ненайвищої якості",
        "image": "goods_images/toothbrush.jpg",
        "price": "15.00",
        "discount": "0.00",
        "quantity": 17,
        "category": 12
      }
    },
    {
        "model": "goods.products",
        "pk": 12,
        "fields": {
            "name": "Баклажан",
            "slug": "baklazhan",
            "description": "Не кабачок",
            "image": "goods_images/eggplant.jpg",
            "price": "25.00",
            "discount": "90.00",
            "quantity": 10,
            "category": 8
        }
    }
]